id,forecastVolum
1,230
2,399
3,194
4,399
5,477
6,161
7,569
8,207
9,3071
10,393
11,951
12,95
13,360
14,247
15,850
16,381
17,266
18,302
19,997
20,155
21,285
22,333
23,441
24,446
25,367
26,369
27,650
28,696
29,910
30,542
31,11714
32,1190
33,2273
34,581
35,1343
36,947
37,2296
38,936
39,757
40,1797
41,2070
42,247
43,531
44,858
45,155
46,319
47,228
48,449
49,550
50,183
51,405
52,163
53,1801
54,189
55,430
56,154
57,475
58,338
59,426
60,295
61,361
62,152
63,540
64,135
65,326
66,261
67,221
68,197
69,195
70,216
71,395
72,245
73,672
74,198
75,5245
76,618
77,1353
78,343
79,691
80,426
81,1389
82,603
83,748
84,956
85,642
86,256
87,365
88,215
89,243
90,4029
91,745
92,197
93,1597
94,2032
95,3866
96,2468
97,2108
98,3002
99,2837
100,987
101,5494
102,5421
103,1402
104,2551
105,1736
106,516
107,814
108,340
109,2607
110,576
111,613
112,624
113,781
114,190
115,1156
116,1669
117,2682
118,788
119,6867
120,1043
121,2260
122,1109
123,3269
124,3328
125,1785
126,1548
127,1994
128,474
129,311
130,693
131,628
132,627
133,1540
134,0
135,139
136,1440
137,520
138,369
139,1272
140,398
141,1423
142,150
143,1351
144,229
145,972
146,1156
147,1007
148,350
149,232
150,456
151,478
152,291
153,403
154,188
155,961
156,44
157,42
158,80
159,421
160,1030
161,553
162,37
163,634
164,228
165,1792
166,226
167,271
168,685
169,1254
170,340
171,295
172,239
173,81
174,177
175,236
176,40
177,1534
178,475
179,444
180,491
181,1082
182,1797
183,1828
184,605
185,1684
186,552
187,2302
188,1726
189,688
190,1598
191,1767
192,1621
193,1733
194,708
195,580
196,784
197,482
198,239
199,2006
200,778
201,211
202,577
203,862
204,3074
205,4687
206,1497
207,3091
208,1362
209,4921
210,2117
211,2457
212,6084
213,3171
214,2293
215,1501
216,1558
217,475
218,708
219,1041
220,268
221,244
222,485
223,391
224,133
225,1927
226,1042
227,4175
228,1235
229,2744
230,1081
231,1317
232,1292
233,1422
234,4224
235,2875
236,1824
237,2585
238,1443
239,315
240,822
241,2643
242,101
243,51
244,771
245,472
246,0
247,793
248,1048
249,1818
250,1034
251,3058
252,564
253,1191
254,864
255,2313
256,2344
257,750
258,1353
259,666
260,429
261,352
262,801
263,1076
264,565
265,193
266,944
267,764
268,110
269,1624
270,1519
271,2727
272,1387
273,1923
274,832
275,2029
276,1498
277,2597
278,2739
279,1875
280,2164
281,1540
282,686
283,352
284,908
285,1126
286,768
287,254
288,1750
289,1340
290,467
291,2661
292,2725
293,4622
294,1080
295,3877
296,1070
297,3880
298,1564
299,2760
300,5606
301,3062
302,2515
303,2960
304,1166
305,1221
306,1481
307,1734
308,1006
309,534
310,527
311,631
312,760
313,928
314,1144
315,1669
316,708
317,383
318,194
319,1587
320,340
321,1472
322,1278
323,704
324,425
325,434
326,212
327,156
328,365
329,554
330,95
331,129
332,1752
333,1040
334,316
335,2176
336,559
337,4107
338,1409
339,3340
340,795
341,1062
342,540
343,4174
344,2427
345,1035
346,682
347,1308
348,670
349,1795
350,433
351,1326
352,1771
353,2720
354,2085
355,1062
356,24
357,2582
358,3911
359,5027
360,2167
361,2038
362,910
363,6296
364,2435
365,5983
366,7187
367,3312
368,2412
369,2978
370,1586
371,851
372,1763
373,1929
374,439
375,302
376,872
377,974
378,81
379,2243
380,1502
381,5187
382,2021
383,770
384,835
385,2827
386,892
387,5279
388,5550
389,923
390,415
391,383
392,258
393,1796
394,165
395,1881
396,941
397,400
398,509
399,637
400,964
401,1260
402,1002
403,2262
404,513
405,1698
406,311
407,1046
408,172
409,1771
410,1817
411,772
412,632
413,762
414,492
415,800
416,462
417,577
418,781
419,227
420,245
421,43
422,140
423,501
424,13
425,570
426,48
427,670
428,147
429,801
430,337
431,272
432,319
433,563
434,328
435,327
436,110
437,159
438,166
439,74
440,79
441,877
442,954
443,888
444,605
445,3659
446,2069
447,2905
448,842
449,2041
450,321
451,3955
452,1019
453,4356
454,4404
455,3416
456,1429
457,1269
458,1120
459,1114
460,574
461,1007
462,956
463,1692
464,390
465,361
466,791
467,412
468,869
469,2850
470,311
471,1007
472,269
473,1045
474,462
475,2126
476,1429
477,2297
478,510
479,575
480,379
481,374
482,168
483,562
484,343
485,53
486,101
487,68
488,28
489,139
490,546
491,697
492,370
493,93
494,226
495,162
496,78
497,698
498,535
499,71
500,196
501,239
502,17
503,207
504,94
505,154
506,95
507,645
508,156
509,82
510,703
511,531
512,352
513,566
514,120
515,1159
516,137
517,1304
518,198
519,296
520,303
521,1102
522,332
523,306
524,588
525,252
526,222
527,189
528,90
529,351
530,119
531,81
532,316
533,311
534,246
535,283
536,101
537,491
538,137
539,685
540,145
541,218
542,177
543,766
544,234
545,177
546,191
547,124
548,75
549,163
550,66
551,551
552,202
553,92
554,785
555,406
556,235
557,171
558,156
559,1070
560,142
561,1075
562,169
563,214
564,370
565,916
566,418
567,271
568,376
569,157
570,263
571,203
572,88
573,51
574,64
575,43
576,219
577,62
578,163
579,277
580,9
581,214
582,49
583,626
584,38
585,161
586,37
587,666
588,72
589,69
590,41
591,93
592,75
593,42
594,25
595,637
596,272
597,116
598,412
599,584
600,369
601,292
602,141
603,1045
604,46
605,1910
606,440
607,512
608,497
609,1987
610,269
611,726
612,276
613,614
614,174
615,180
616,99
617,548
618,153
619,122
620,285
621,322
622,209
623,539
624,154
625,767
626,145
627,1378
628,203
629,365
630,463
631,1527
632,339
633,417
634,213
635,116
636,108
637,168
638,138
639,584
640,291
641,199
642,785
643,531
644,366
645,530
646,116
647,1438
648,199
649,1213
650,335
651,560
652,354
653,1370
654,449
655,289
656,322
657,312
658,201
659,355
660,135
661,453
662,176
663,65
664,760
665,629
666,556
667,289
668,91
669,1276
670,217
671,1020
672,252
673,406
674,405
675,1294
676,212
677,502
678,329
679,175
680,120
681,208
682,85
683,266
684,834
685,213
686,178
687,735
688,1769
689,3208
690,511
691,4212
692,3252
693,1511
694,801
695,1652
696,4061
697,1189
698,420
699,1105
700,570
701,668
702,181
703,1249
704,596
705,1635
706,250
707,483
708,35
709,931
710,689
711,2197
712,313
713,294
714,105
715,2142
716,607
717,1141
718,679
719,965
720,327
721,721
722,350
723,116
724,135
725,977
726,116
727,361
728,179
729,103
730,160
731,66
732,119
733,340
734,106
735,160
736,46
737,744
738,133
739,402
740,309
741,214
742,48
743,143
744,140
745,46
746,179
747,110
748,41
749,236
750,159
751,92
752,547
753,441
754,301
755,915
756,214
757,3549
758,278
759,962
760,308
761,507
762,340
763,917
764,626
765,310
766,711
767,235
768,244
769,178
770,633
771,211
772,423
773,500
774,846
775,856
776,316
777,791
778,456
779,2297
780,349
781,702
782,227
783,1202
784,755
785,788
786,1583
787,816
788,466
789,876
790,419
791,636
792,460
793,177
794,353
795,94
796,49
797,502
798,298
799,349
800,131
801,1461
802,228
803,376
804,584
805,544
806,682
807,304
808,450
809,717
810,274
811,147
812,147
813,121
814,132
815,348
816,104
817,446
818,123
819,666
820,946
821,3989
822,1232
823,12488
824,3058
825,3837
826,1676
827,3317
828,2831
829,2240
830,2003
831,3292
832,1501
833,2317
834,901
835,285
836,1310
837,397
838,533
839,419
840,606
841,508
842,742
843,1361
844,556
845,3660
846,330
847,1180
848,343
849,1525
850,1576
851,1501
852,1020
853,705
854,586
855,1188
856,338
857,543
858,660
859,341
860,379
861,216
862,171
863,296
864,457
865,839
866,258
867,3010
868,320
869,840
870,400
871,614
872,714
873,931
874,879
875,281
876,503
877,463
878,162
879,344
880,283
881,140
882,16
883,29
884,186
885,77
886,98
887,288
888,90
889,858
890,18
891,184
892,16
893,300
894,217
895,472
896,46
897,52
898,60
899,102
900,21
901,41
902,54
903,254
904,199
905,173
906,318
907,427
908,400
909,666
910,334
911,3495
912,378
913,818
914,460
915,586
916,532
917,857
918,1062
919,604
920,663
921,668
922,126
923,76
924,146
925,345
926,158
927,256
928,521
929,536
930,529
931,1121
932,642
933,2687
934,182
935,1122
936,344
937,1125
938,784
939,1741
940,821
941,723
942,364
943,1044
944,194
945,334
946,619
947,327
948,45
949,47
950,377
951,288
952,27
953,183
954,54
955,446
956,92
957,248
958,62
959,145
960,96
961,317
962,106
963,115
964,99
965,59
966,101
967,101
968,117
969,84
970,149
971,53
972,16
973,219
974,768
975,581
976,207
977,846
978,93
979,716
980,418
981,306
982,632
983,844
984,514
985,362
986,319
987,79
988,15
989,69
990,33
991,316
992,69
993,173
994,14
995,532
996,185
997,530
998,95
999,596
1000,165
1001,915
1002,392
1003,971
1004,1576
1005,2013
1006,205
1007,342
1008,378
1009,233
1010,188
1011,656
1012,82
1013,419
1014,163
1015,75
1016,251
1017,674
1018,813
1019,980
1020,192
1021,1795
1022,226
1023,3123
1024,866
1025,765
1026,1251
1027,2385
1028,575
1029,678
1030,417
1031,279
1032,373
1033,311
1034,0
1035,0
1036,326
1037,474
1038,62
1039,2119
1040,1043
1041,1738
1042,1803
1043,417
1044,338
1045,654
1046,239
1047,2369
1048,910
1049,1030
1050,115
1051,273
1052,919
1053,2217
1054,185
1055,535
1056,1326
1057,287
1058,446
1059,254
1060,127
1061,926
1062,795
1063,964
1064,358
1065,1575
1066,320
1067,854
1068,912
1069,589
1070,1810
1071,2002
1072,923
1073,657
1074,382
1075,270
1076,452
1077,341
1078,201
1079,218
1080,325
1081,13
1082,89
1083,402
1084,483
1085,362
1086,129
1087,696
1088,280
1089,1101
1090,430
1091,540
1092,398
1093,194
1094,285
1095,263
1096,389
1097,126
1098,135
1099,229
1100,32
1123,450
1124,220
1125,44
1126,145
1127,902
1128,977
1129,499
1130,85
1131,2336
1132,189
1133,1908
1134,577
1135,471
1136,568
1137,1377
1138,646
1139,514
1140,637
1141,95
1142,281
1143,176
1144,40
1145,317
1146,336
1147,188
1148,412
1149,565
1150,260
1151,643
1152,200
1153,878
1154,158
1155,557
1156,169
1157,562
1158,463
1159,543
1160,254
1161,360
1162,175
1163,190
1164,553
1165,252
1166,248
1167,515
1168,670
1169,470
1170,325
1171,1423
1172,2544
1173,821
1174,261
1175,789
1176,797
1177,1667
1178,745
1179,706
1180,2887
1181,744
1182,643
1183,1627
1184,618
1185,213
1186,626
1187,1156
1188,105
1189,65
1190,102
1191,171
1192,43
1193,205
1194,245
1195,493
1196,134
1197,83
1198,32
1199,141
1200,210
1201,230
1202,407
1203,52
1204,245
1205,677
1206,12
1207,92
1208,98
1209,398
1210,119
1211,88
1212,643
1213,858
1214,142
1215,1537
1216,540
1217,1048
1218,1229
1219,907
1220,464
1221,1012
1222,636
1223,2351
1224,1982
1225,671
1226,654
1227,1146
1228,288
1229,139
1230,557
1231,762
1232,166
1233,566
1234,1071
1235,1364
1236,444
1237,2944
1238,1291
1239,1498
1240,1048
1241,2427
1242,700
1243,2811
1244,682
1245,2700
1246,2514
1247,2073
1248,1020
1249,1429
1250,665
1251,341
1252,2144
1253,1793
1254,384
1255,41
1256,819
1257,83
1258,407
1259,514
1260,127
1261,600
1262,125
1263,656
1264,48
1265,380
1266,53
1267,524
1268,422
1269,330
1270,353
1271,293
1272,83
1273,272
1274,441
1275,170
1276,68
1277,35
1278,119
1279,400
1280,175
1281,781
1282,309
1283,542
1284,202
1285,496
1286,109
1287,440
1288,267
1289,936
1290,411
1291,709
1292,59
1293,256
1294,191
1295,58
1296,740
1297,348
1298,5
1299,3831
1300,165
1301,80
1302,5
1303,1082
1304,828
1305,690
1306,557
1307,788
1308,304
1309,1362
1310,732
1311,679
1312,1779
1313,761
1314,468
1315,715
1316,194
1317,75
1318,111
1319,352
1320,6
1321,60
1322,127
1323,73
1324,62
1325,212
1326,160
1327,158
1328,36
1329,469
1330,163
1331,335
1332,82
1333,110
1334,139
1335,240
1336,246
1337,317
1338,143
1339,100
1340,119
1341,210
1342,97
1343,243
1344,257
1345,170
1346,531
1347,322
1348,231
1349,456
1350,211
1351,3290
1352,472
1353,911
1354,61
1355,361
1356,375
1357,918
1358,386
1359,125
1360,296
1361,1056
1362,93
1363,318
1364,224
1365,655
1366,397
1367,387
1368,262
1369,875
1370,650
1371,679
1372,545
1373,10806
1374,1135
1375,2683
1376,613
1377,1351
1378,1579
1379,2196
1380,1142
1381,710
1382,1606
1383,2007
1384,498
1385,542
1386,1102
1387,67
1388,292
1389,220
1390,367
1391,487
1392,23
1393,360
1394,117
1395,1645
1396,295
1397,495
1398,165
1399,278
1400,326
1401,378
1402,228
1403,293
1404,143
1405,477
1406,122
1407,343
1408,187
1409,208
1410,0
1411,93
1412,232
1413,428
1414,204
1415,609
1416,195
1417,5332
1418,733
1419,1336
1420,164
1421,427
1422,467
1423,1273
1424,844
1425,653
1426,950
1427,630
1428,232
1429,356
1430,405
1431,187
1432,3952
1433,771
1434,161
1435,1809
1436,1869
1437,3881
1438,2259
1439,1994
1440,2760
1441,2956
1442,1088
1443,5932
1444,4771
1445,1737
1446,2230
1447,1780
1448,548
1449,943
1450,281
1451,2842
1452,562
1453,350
1454,621
1455,890
1456,151
1457,1364
1458,1273
1459,2294
1460,899
1461,6800
1462,1017
1463,2406
1464,939
1465,3156
1466,2611
1467,1413
1468,1395
1469,1812
1470,409
1471,347
1472,412
1473,663
1474,240
1475,1632
1476,436
1477,148
1478,1415
1479,501
1480,367
1481,1321
1482,431
1483,1323
1484,157
1485,1321
1486,253
1487,835
1488,1084
1489,1108
1490,472
1491,228
1492,254
1493,511
1494,246
1495,346
1496,277
1497,995
1498,37
1499,34
1500,83
1501,218
1502,511
1503,434
1504,48
1505,496
1506,32
1507,1605
1508,223
1509,186
1510,464
1511,877
1512,348
1513,0
1514,293
1515,103
1516,237
1517,62
1518,23
1519,980
1520,604
1521,441
1522,483
1523,1535
1524,1492
1525,1756
1526,461
1527,1906
1528,652
1529,2278
1530,1148
1531,356
1532,1531
1533,2118
1534,1393
1535,1815
1536,859
1537,211
1538,522
1539,493
1540,314
1541,2285
1542,647
1543,168
1544,281
1545,1253
1546,3415
1547,4526
1548,1207
1549,2747
1550,1205
1551,5384
1552,2244
1553,2499
1554,5690
1555,3809
1556,3208
1557,1701
1558,2368
1559,513
1560,796
1561,925
1562,280
1563,158
1564,508
1565,228
1566,594
1567,2101
1568,1033
1569,3020
1570,454
1571,2893
1572,1082
1573,626
1574,1440
1575,1941
1576,1990
1577,4031
1578,181
1579,2360
1580,1845
1581,225
1582,854
1583,3613
1584,212
1585,34
1586,773
1587,549
1588,0
1589,480
1590,1314
1591,2110
1592,1344
1593,2457
1594,545
1595,837
1596,947
1597,2472
1598,1444
1599,928
1600,1707
1601,53
1602,446
1603,307
1604,724
1605,353
1606,703
1607,119
1608,909
1609,688
1610,82
1611,1981
1612,1701
1613,2320
1614,1638
1615,1062
1616,971
1617,2338
1618,988
1619,1767
1620,2862
1621,2298
1622,1604
1623,241
1624,614
1625,324
1626,615
1627,1312
1628,1290
1629,369
1630,1629
1631,1375
1632,437
1633,1663
1634,1295
1635,2926
1636,1082
1637,4277
1638,557
1639,2982
1640,1043
1641,1957
1642,3397
1643,3103
1644,1160
1645,3056
1646,944
1647,1220
1648,787
1649,1778
1650,1147
1651,472
1652,380
1653,500
1654,854
1655,748
1656,732
1657,1116
1658,800
1659,502
1660,174
1661,1352
1662,430
1663,1653
1664,756
1665,694
1666,457
1667,355
1668,281
1669,224
1670,312
1671,527
1672,113
1673,0
1674,1248
1675,1112
1676,362
1677,2452
1678,537
1679,4467
1680,2077
1681,3393
1682,676
1683,957
1684,516
1685,4091
1686,2043
1687,1101
1688,664
1689,1280
1690,707
1691,1934
1692,532
1693,1506
1694,1921
1695,1376
1696,2346
1697,1080
1698,53
1699,2724
1700,3595
1701,5100
1702,2179
1703,2199
1704,973
1705,6748
1706,2048
1707,5522
1708,6666
1709,3618
1710,2892
1711,2919
1712,1695
1713,643
1714,1934
1715,1708
1716,352
1717,379
1718,1704
1719,388
1720,100
1721,1597
1722,626
1723,3375
1724,1529
1725,1130
1726,764
1727,1817
1728,1030
1729,3670
1730,2841
1731,506
1732,610
1733,84
1734,841
1735,1921
1736,207
1737,1611
1738,977
1739,127
1740,316
1741,459
1742,933
1743,1189
1744,1054
1745,1932
1746,536
1747,1886
1748,356
1749,1270
1750,224
1751,1703
1752,1863
1753,447
1754,528
1755,811
1756,473
1757,938
1758,397
1759,669
1760,914
1761,291
1762,251
1763,27
1764,98
1765,547
1766,63
1767,395
1768,48
1769,427
1770,142
1771,756
1772,289
1773,275
1774,305
1775,707
1776,111
1777,270
1778,76
1779,189
1780,159
1781,84
1782,57
1783,425
1784,1114
1785,929
1786,660
1787,3687
1788,2056
1789,2240
1790,899
1791,2245
1792,139
1793,3959
1794,1217
1795,4334
1796,3908
1797,3606
1798,985
1799,1373
1800,1018
1801,1169
1802,577
1803,1361
1804,986
1805,1927
1806,381
1807,387
1808,711
1809,424
1810,854
1811,2342
1812,332
1813,1050
1814,318
1815,1443
1816,463
1817,2387
1818,1540
1819,2304
1820,485
1821,469
1822,471
1823,414
1824,205
1825,679
1826,251
1827,27
1828,107
1829,72
1830,0
1831,109
1832,520
1833,826
1834,370
1835,85
1836,172
1837,100
1838,107
1839,374
1840,495
1841,135
1842,190
1843,321
1844,21
1845,195
1846,71
1847,151
1848,94
1849,652
1850,170
1851,128
1852,732
1853,578
1854,373
1855,565
1856,131
1857,1168
1858,190
1859,1288
1860,272
1861,303
1862,291
1863,1285
1864,306
1865,254
1866,372
1867,277
1868,219
1869,171
1870,101
1871,432
1872,178
1873,111
1874,310
1875,256
1876,221
1877,353
1878,93
1879,627
1880,141
1881,812
1882,145
1883,176
1884,224
1885,790
1886,313
1887,160
1888,269
1889,162
1890,115
1891,158
1892,33
1893,566
1894,227
1895,125
1896,742
1897,392
1898,237
1899,358
1900,146
1901,1022
1902,165
1903,1019
1904,165
1905,217
1906,275
1907,1123
1908,177
1909,232
1910,234
1911,190
1912,227
1913,175
1914,69
1915,0
1916,28
1917,43
1918,215
1919,151
1920,145
1921,143
1922,0
1923,268
1924,32
1925,400
1926,42
1927,101
1928,65
1929,667
1930,77
1931,123
1932,47
1933,95
1934,65
1935,52
1936,31
1937,698
1938,232
1939,44
1940,515
1941,393
1942,248
1943,195
1944,139
1945,958
1946,216
1947,1939
1948,362
1949,433
1950,525
1951,1916
1952,137
1953,885
1954,205
1955,519
1956,218
1957,146
1958,158
1959,561
1960,169
1961,165
1962,322
1963,352
1964,254
1965,472
1966,152
1967,892
1968,101
1969,1493
1970,122
1971,374
1972,296
1973,1611
1974,234
1975,314
1976,305
1977,142
1978,135
1979,179
1980,107
1981,259
1982,274
1983,185
1984,257
1985,800
1986,318
1987,564
1988,169
1989,1461
1990,159
1991,1382
1992,230
1993,582
1994,431
1995,1473
1996,529
1997,364
1998,331
1999,446
2000,168
2001,363
2002,158
2003,706
2004,257
2005,57
2006,571
2007,595
2008,403
2009,463
2010,70
2011,1107
2012,124
2013,1294
2014,158
2015,356
2016,410
2017,1672
2018,299
2019,260
2020,318
2021,154
2022,294
2023,227
2024,90
2025,81
2026,936
2027,206
2028,229
2029,557
2030,1454
2031,2945
2032,236
2033,4267
2034,2671
2035,1202
2036,819
2037,1505
2038,3975
2039,300
2040,276
2041,1240
2042,774
2043,751
2044,115
2045,1555
2046,675
2047,881
2048,254
2049,537
2050,56
2051,600
2052,758
2053,2052
2054,253
2055,310
2056,154
2057,2283
2058,619
2059,57
2060,670
2061,991
2062,544
2063,438
2064,280
2065,116
2066,97
2067,781
2068,56
2069,393
2070,156
2071,102
2072,150
2073,360
2074,349
2075,369
2076,138
2077,272
2078,16
2079,473
2080,55
2081,223
2082,361
2083,550
2084,59
2085,214
2086,155
2087,151
2088,207
2089,198
2090,52
2091,169
2092,66
2093,93
2094,653
2095,303
2096,304
2097,714
2098,244
2099,3884
2100,249
2101,945
2102,500
2103,519
2104,342
2105,914
2106,542
2107,378
2108,738
2109,175
2110,344
2111,260
2112,45
2113,148
2114,437
2115,516
2116,674
2117,773
2118,244
2119,493
2120,488
2121,2238
2122,290
2123,757
2124,165
2125,1152
2126,974
2127,771
2128,1226
2129,561
2130,422
2131,862
2132,422
2133,290
2134,435
2135,82
2136,381
2137,159
2138,49
2139,72
2140,731
2141,217
2142,247
2143,1558
2144,43
2145,310
2146,818
2147,573
2148,792
2149,250
2150,224
2151,240
2152,485
2153,246
2154,133
2155,208
2156,100
2157,946
2158,210
2159,252
2160,308
2161,183
2162,1060
2163,4092
2164,666
2165,12977
2166,3143
2167,3266
2168,1851
2169,3256
2170,3221
2171,2490
2172,2057
2173,1288
2174,2165
2175,2312
2176,607
2177,512
2178,1344
2179,396
2180,510
2181,386
2182,535
2183,519
2184,801
2185,1373
2186,491
2187,3512
2188,302
2189,1181
2190,433
2191,1487
2192,1436
2193,1727
2194,958
2195,684
2196,726
2197,1217
2198,474
2199,322
2200,758
2201,325
2202,403
2203,258
2204,251
2205,391
2206,473
2207,727
2208,203
2209,2676
2210,304
2211,771
2212,255
2213,791
2214,671
2215,607
2216,691
2217,252
2218,496
2219,398
2220,157
2221,235
2222,216
2223,79
2224,2
2225,26
2226,193
2227,108
2228,86
2229,218
2230,86
2231,841
2232,18
2233,257
2234,28
2235,283
2236,129
2237,339
2238,42
2239,23
2240,81
2241,122
2242,0
2243,52
2244,44
2245,253
2246,450
2247,172
2248,148
2249,444
2250,309
2251,1099
2252,270
2253,3516
2254,457
2255,957
2256,350
2257,734
2258,479
2259,778
2260,1035
2261,500
2262,645
2263,370
2264,108
2265,114
2266,144
2267,285
2268,156
2269,272
2270,597
2271,547
2272,553
2273,1195
2274,617
2275,2706
2276,176
2277,1065
2278,319
2279,1241
2280,797
2281,1737
2282,861
2283,844
2284,420
2285,1043
2286,214
2287,382
2288,726
2289,275
2290,83
2291,48
2292,505
2293,210
2294,62
2295,305
2296,30
2297,462
2298,115
2299,202
2300,78
2301,159
2302,99
2303,182
2304,79
2305,137
2306,109
2307,91
2308,101
2309,116
2310,84
2311,197
2312,158
2313,42
2314,12
2315,244
2316,748
2317,655
2318,310
2319,849
2320,100
2321,364
2322,221
2323,363
2324,275
2325,590
2326,541
2327,213
2328,412
2329,63
2330,40
2331,98
2332,39
2333,0
2334,114
2335,162
2336,11
2337,276
2338,179
2339,775
2340,108
2341,318
2342,105
2343,886
2344,372
2345,863
2346,1779
2347,3723
2348,146
2349,883
2350,206
2351,79
2352,229
2353,1080
2354,26
2355,517
2356,179
2357,55
2358,248
2359,203
2360,519
2361,219
2362,195
2363,1636
2364,182
2365,2856
2366,672
2367,678
2368,1632
2369,2351
2370,469
2371,609
2372,135
2373,233
2374,342
2375,326
2376,0
2377,175
2378,215
2379,502
2380,51
2381,2980
2382,1185
2383,6638
2384,3824
2385,984
2386,0
2387,588
2388,315
2389,3318
2390,1993
2391,1919
2392,38
2393,286
2394,972
2395,2139
2396,102
2397,1011
2398,576
2399,290
2400,517
2401,416
2402,66
2403,1026
2404,346
2405,723
2406,399
2407,1887
2408,672
2409,453
2410,1052
2411,357
2412,463
2413,2393
2414,993
2415,631
2416,317
2417,251
2418,254
2419,261
2420,326
2421,181
2422,420
2423,19
2424,93
2425,469
2426,342
2427,394
2428,80
2429,438
2430,328
2431,1189
2432,458
2433,659
2434,311
2435,330
2436,418
2437,229
2438,480
2439,106
2440,203
2441,249
2442,30
2465,380
2466,118
2467,61
2468,14
2469,807
2470,796
2471,708
2472,74
2473,2216
2474,239
2475,1773
2476,645
2477,414
2478,667
2479,1372
2480,750
2481,483
2482,749
2483,105
2484,185
2485,122
2486,27
2487,241
2488,208
2489,197
2490,376
2491,574
2492,272
2493,591
2494,245
2495,1072
2496,129
2497,626
2498,175
2499,531
2500,440
2501,565
2502,298
2503,389
2504,166
2505,198
2506,487
2507,248
2508,259
2509,545
2510,440
2511,320
2512,317
2513,1133
2514,3105
2515,332
2516,385
2517,647
2518,1153
2519,1767
2520,775
2521,1132
2522,3254
2523,947
2524,939
2525,1877
2526,661
2527,230
2528,370
2529,1262
2530,182
2531,105
2532,76
2533,202
2534,24
2535,149
2536,172
2537,407
2538,142
2539,67
2540,36
2541,151
2542,160
2543,131
2544,364
2545,79
2546,283
2547,786
2548,26
2549,99
2550,108
2551,312
2552,182
2553,19
2554,618
2555,766
2556,181
2557,1864
2558,547
2559,439
2560,827
2561,625
2562,693
2563,647
2564,689
2565,1365
2566,863
2567,541
2568,568
2569,1412
2570,97
2571,202
2572,252
2573,1486
2574,256
2575,626
2576,1250
2577,1537
2578,413
2579,2893
2580,473
2581,1275
2582,682
2583,2839
2584,495
2585,1511
2586,673
2587,2469
2588,3362
2589,3066
2590,1117
2591,488
2592,716
2593,244
2594,1984
2595,1611
2596,169
2597,26
2598,770
2599,58
2600,0
2601,342
2602,111
2603,371
2604,105
2605,158
2606,43
2607,431
2608,34
2609,459
2610,508
2611,362
2612,349
2613,345
2614,102
2615,258
2616,369
2617,249
2618,14
2619,50
2620,203
2621,439
2622,150
2623,376
2624,393
2625,253
2626,246
2627,556
2628,87
2629,366
2630,139
2631,367
2632,130
2633,332
2634,77
2635,324
2636,134
2637,26
2638,0
2639,383
2640,23
2641,5174
2642,221
2643,99
2644,138
2645,647
2646,834
2647,540
2648,767
2649,800
2650,361
2651,1204
2652,758
2653,359
2654,1673
2655,629
2656,458
2657,421
2658,223
2659,58
2660,105
2661,367
2662,0
2663,144
2664,126
2665,88
2666,90
2667,349
2668,137
2669,117
2670,28
2671,545
2672,190
2673,371
2674,108
2675,96
2676,127
2677,371
2678,211
2679,298
2680,77
2681,110
2682,244
2683,280
2684,49
2685,224
2686,250
2687,172
2688,473
2689,288
2690,264
2691,452
2692,217
2693,3452
2694,437
2695,828
2696,169
2697,347
2698,422
2699,970
2700,467
2701,281
2702,302
2703,880
2704,47
2705,438
2706,230
2707,622
2708,481
2709,363
2710,389
2711,946
2712,657
2713,937
2714,553
2715,9982
2716,1275
2717,2753
2718,648
2719,1615
2720,1805
2721,2352
2722,1252
2723,731
2724,1664
2725,2120
2726,391
2727,643
2728,924
2729,189
2730,306
2731,212
2732,284
2733,533
2734,130
2735,433
2736,165
2737,1846
2738,141
2739,360
2740,166
2741,482
2742,293
2743,392
2744,275
2745,147
2746,134
2747,453
2748,144
2749,237
2750,292
2751,223
2752,2
2753,81
2754,199
2755,440
2756,224
2757,553
2758,286
2759,5475
2760,803
2761,1366
2762,214
2763,282
2764,694
2765,1407
2766,628
2767,625
2768,962
2769,745
2770,246
2771,361
2772,535
2773,188
2774,4164
2775,988
2776,257
2777,2084
2778,1730
2779,3453
2780,2877
2781,2113
2782,3579
2783,3325
2784,839
2785,5715
2786,5581
2787,1695
2788,1379
2789,1406
2790,548
2791,1295
2792,183
2793,3190
2794,738
2795,484
2796,568
2797,983
2798,154
2799,1841
2800,1155
2801,2776
2802,907
2803,6649
2804,1133
2805,2415
2806,513
2807,2861
2808,3183
2809,1169
2810,1821
2811,2097
2812,477
2813,414
2814,545
2815,685
2816,29
2817,1661
2818,377
2819,152
2820,1168
2821,445
2822,381
2823,1401
2824,501
2825,1547
2826,72
2827,1396
2828,352
2829,1087
2830,987
2831,1258
2832,425
2833,251
2834,389
2835,489
2836,183
2837,382
2838,295
2839,1033
2840,54
2841,46
2842,84
2843,35
2844,0
2845,412
2846,79
2847,524
2848,144
2849,1651
2850,217
2851,242
2852,439
2853,806
2854,595
2855,21
2856,231
2857,91
2858,295
2859,89
2860,42
2861,1447
2862,615
2863,445
2864,433
2865,1635
2866,1162
2867,1647
2868,605
2869,2099
2870,771
2871,2599
2872,781
2873,595
2874,1570
2875,2596
2876,1854
2877,2127
2878,864
2879,51
2880,683
2881,622
2882,353
2883,3330
2884,704
2885,248
2886,275
2887,1739
2888,3130
2889,4689
2890,2208
2891,3108
2892,1140
2893,5156
2894,3867
2895,2514
2896,5392
2897,3128
2898,3525
2899,2733
2900,2349
2901,631
2902,802
2903,1081
2904,260
2905,189
2906,414
2907,135
2908,726
2909,2477
2910,1321
2911,2933
2912,3995
2913,3076
2914,1535
2915,661
2916,1632
2917,1740
2918,1728
2919,4951
2920,762
2921,1365
2922,2430
2923,151
2924,798
2925,5659
2926,375
2927,46
2928,859
2929,712
2930,54
2931,614
2932,1614
2933,1938
2934,1583
2935,2261
2936,363
2937,768
2938,1112
2939,2812
2940,1306
2941,383
2942,1385
2943,382
2944,504
2945,400
2946,1088
2947,382
2948,870
2949,176
2950,736
2951,889
2952,58
2953,2859
2954,1875
2955,2638
2956,2087
2957,424
2958,621
2959,2426
2960,753
2961,1953
2962,3788
2963,2415
2964,1218
2965,1721
2966,601
2967,324
2968,307
2969,2800
2970,941
2971,388
2972,2184
2973,1760
2974,469
2975,2141
2976,845
2977,5795
2978,1989
2979,6544
2980,781
2981,3323
2982,1159
2983,1875
2984,7030
2985,3564
2986,503
2987,4105
2988,897
2989,2328
2990,1491
2991,2273
2992,1252
2993,546
2994,264
2995,351
2996,915
2997,781
2998,964
2999,1423
3000,925
3001,501
3002,182
3003,1836
3004,581
3005,1982
3006,1048
3007,879
3008,258
3009,532
3010,266
3011,226
3012,385
3013,529
3014,220
3015,300
3016,1448
3017,1110
3018,656
3019,3776
3020,545
3021,4375
3022,1969
3023,3369
3024,737
3025,973
3026,540
3027,4162
3028,2849
3029,1223
3030,714
3031,1641
3032,729
3033,2131
3034,651
3035,1745
3036,1976
3037,3822
3038,2549
3039,1159
3040,1179
3041,2716
3042,4140
3043,6286
3044,2279
3045,2711
3046,1250
3047,7411
3048,2649
3049,6339
3050,7377
3051,3969
3052,3715
3053,3553
3054,1657
3055,793
3056,2165
3057,1989
3058,299
3059,607
3060,1059
3061,986
3062,270
3063,1788
3064,1306
3065,4442
3066,1616
3067,785
3068,379
3069,1273
3070,0
3071,6504
3072,2071
3073,1231
3074,431
3075,237
3076,636
3077,1958
3078,355
3079,887
3080,943
3081,279
3082,454
3083,707
3084,1173
3085,1331
3086,637
3087,2273
3088,546
3089,1748
3090,117
3091,1554
3092,133
3093,1925
3094,1989
3095,785
3096,901
3097,1123
3098,722
3099,850
3100,359
3101,659
3102,909
3103,241
3104,271
3105,1
3106,156
3107,298
3108,141
3109,322
3110,15
3111,616
3112,113
3113,725
3114,253
3115,308
3116,269
3117,582
3118,227
3119,291
3120,37
3121,212
3122,137
3123,55
3124,13
3125,795
3126,1159
3127,971
3128,698
3129,3543
3130,2316
3131,2990
3132,852
3133,2385
3134,346
3135,3901
3136,1051
3137,4421
3138,4427
3139,3425
3140,880
3141,1496
3142,510
3143,1299
3144,688
3145,1097
3146,986
3147,683
3148,383
3149,348
3150,718
3151,660
3152,869
3153,2283
3154,325
3155,1098
3156,334
3157,2053
3158,530
3159,2413
3160,1898
3161,2421
3162,528
3163,632
3164,305
3165,387
3166,159
3167,262
3168,266
3169,42
3170,126
3171,65
3172,6
3173,151
3174,571
3175,531
3176,398
3177,86
3178,137
3179,157
3180,106
3181,603
3182,394
3183,74
3184,241
3185,255
3186,50
3187,248
3188,29
3189,186
3190,122
3191,663
3192,211
3193,101
3194,560
3195,516
3196,372
3197,524
3198,138
3199,1146
3200,138
3201,1264
3202,181
3203,264
3204,277
3205,952
3206,314
3207,273
3208,676
3209,260
3210,245
3211,141
3212,75
3213,444
3214,193
3215,169
3216,332
3217,337
3218,224
3219,417
3220,85
3221,592
3222,138
3223,886
3224,172
3225,206
3226,209
3227,830
3228,336
3229,315
3230,324
3231,132
3232,111
3233,127
3234,75
3235,551
3236,258
3237,74
3238,711
3239,601
3240,235
3241,348
3242,151
3243,1005
3244,127
3245,1094
3246,170
3247,252
3248,331
3249,829
3250,371
3251,208
3252,376
3253,290
3254,197
3255,253
3256,54
3257,50
3258,75
3259,33
3260,338
3261,172
3262,170
3263,305
3264,0
3265,247
3266,0
3267,352
3268,32
3269,172
3270,66
3271,746
3272,81
3273,114
3274,67
3275,84
3276,6
3277,48
3278,25
3279,774
3280,248
3281,0
3282,583
3283,437
3284,215
3285,140
3286,110
3287,670
3288,261
3289,2339
3290,564
3291,425
3292,551
3293,1907
3294,140
3295,1099
3296,73
3297,363
3298,283
3299,97
3300,171
3301,549
3302,221
3303,116
3304,363
3305,322
3306,318
3307,296
3308,150
3309,868
3310,151
3311,1293
3312,109
3313,381
3314,452
3315,1679
3316,286
3317,274
3318,78
3319,180
3320,195
3321,143
3322,108
3323,449
3324,294
3325,196
3326,620
3327,595
3328,304
3329,589
3330,162
3331,1757
3332,170
3333,1475
3334,225
3335,497
3336,439
3337,1381
3338,553
3339,485
3340,272
3341,505
3342,101
3343,308
3344,114
3345,496
3346,277
3347,89
3348,517
3349,637
3350,380
3351,437
3352,75
3353,1263
3354,111
3355,1176
3356,122
3357,340
3358,345
3359,2577
3360,333
3361,446
3362,319
3363,190
3364,278
3365,202
3366,75
3367,589
3368,822
3369,229
3370,272
3371,669
3372,1281
3373,3694
3374,365
3375,4626
3376,1496
3377,1521
3378,875
3379,1839
3380,5490
3381,442
3382,411
3383,1852
3384,711
3385,889
3386,108
3387,1230
3388,752
3389,1182
3390,572
3391,812
3392,92
3393,935
3394,770
3395,2211
3396,209
3397,316
3398,188
3399,2393
3400,727
3401,667
3402,966
3403,833
3404,592
3405,257
3406,179
3407,138
3408,125
3409,915
3410,131
3411,898
3412,68
3413,76
3414,162
3415,166
3416,214
3417,373
3418,51
3419,288
3420,14
3421,619
3422,0
3423,329
3424,497
3425,393
3426,49
3427,244
3428,90
3429,195
3430,287
3431,109
3432,36
3433,184
3434,0
3435,65
3436,444
3437,304
3438,249
3439,620
3440,216
3441,3637
3442,304
3443,1000
3444,587
3445,544
3446,411
3447,703
3448,600
3449,455
3450,748
3451,279
3452,495
3453,396
3454,0
3455,168
3456,450
3457,515
3458,830
3459,838
3460,272
3461,671
3462,497
3463,2161
3464,235
3465,761
3466,229
3467,1134
3468,872
3469,776
3470,1423
3471,482
3472,553
3473,932
3474,373
3475,441
3476,254
3477,55
3478,412
3479,195
3480,134
3481,684
3482,114
3483,391
3484,57
3485,1647
3486,129
3487,401
3488,706
3489,723
3490,1136
3491,204
3492,334
3493,338
3494,24
3495,175
3496,51
3497,70
3498,213
3499,1198
3500,198
3501,463
3502,324
3503,618
3504,1098
3505,4496
3506,1036
3507,12575
3508,3542
3509,3656
3510,1855
3511,4090
3512,3484
3513,2125
3514,2477
3515,1518
3516,932
3517,2934
3518,289
3519,231
3520,1592
3521,335
3522,243
3523,360
3524,556
3525,557
3526,579
3527,1543
3528,623
3529,3522
3530,557
3531,1230
3532,496
3533,1586
3534,1611
3535,1974
3536,1033
3537,1042
3538,743
3539,1306
3540,73
3541,190
3542,709
3543,272
3544,384
3545,309
3546,224
3547,622
3548,512
3549,729
3550,318
3551,2663
3552,245
3553,1108
3554,281
3555,635
3556,747
3557,492
3558,739
3559,427
3560,447
3561,312
3562,160
3563,341
3564,83
3565,197
3566,27
3567,40
3568,248
3569,59
3570,174
3571,320
3572,90
3573,843
3574,24
3575,352
3576,32
3577,167
3578,133
3579,655
3580,60
3581,71
3582,50
3583,129
3584,0
3585,94
3586,77
3587,192
3588,34
3589,189
3590,162
3591,758
3592,393
3593,694
3594,210
3595,3440
3596,595
3597,804
3598,133
3599,587
3600,486
3601,341
3602,1300
3603,591
3604,609
3605,243
3606,150
3607,176
3608,293
3609,396
3610,163
3611,212
3612,475
3613,735
3614,449
3615,1263
3616,428
3617,2778
3618,168
3619,998
3620,112
3621,1342
3622,890
3623,1281
3624,978
3625,908
3626,540
3627,1259
3628,194
3629,174
3630,832
3631,335
3632,71
3633,53
3634,462
3635,264
3636,90
3637,335
3638,33
3639,328
3640,74
3641,207
3642,102
3643,170
3644,184
3645,171
3646,107
3647,83
3648,71
3649,77
3650,110
3651,175
3652,102
3653,251
3654,165
3655,85
3656,18
3657,228
3658,673
3659,811
3660,362
3661,993
3662,118
3663,0
3664,181
3665,524
3666,0
3667,694
3668,658
3669,127
3670,316
3671,60
3672,27
3673,75
3674,57
3675,5
3676,101
3677,184
3678,260
3679,47
3680,168
3681,742
3682,78
3683,21
3684,133
3685,1104
3686,555
3687,3205
3688,1117
3689,7032
3690,592
3691,585
3692,271
3693,51
3694,218
3695,1978
3696,73
3697,585
3698,169
3699,58
3700,324
3701,347
3702,363
3703,538
3704,243
3705,1678
3706,305
3707,3150
3708,137
3709,639
3710,1271
3711,2293
3712,439
3713,770
3714,108
3715,310
3716,339
3717,323
3718,0
3719,31
3720,183
3721,459
3722,50
3723,6645
3724,1191
3725,6099
3726,3756
3727,310
3728,97
3729,435
3730,255
3731,2467
3732,1612
3733,2061
3734,44
3735,66
3736,1425
3737,3328
3738,169
3739,565
3740,200
3741,526
3742,608
3743,519
3744,97
3745,1319
3746,336
3747,1705
3748,280
3749,2392
3750,410
3751,669
3752,1660
3753,331
3754,1236
3755,1760
3756,994
3757,1094
3758,516
3759,258
3760,102
3761,414
3762,352
3763,246
3764,495
3765,0
3766,113
3767,550
3768,486
3769,553
3770,67
3771,824
3772,228
3773,1228
3774,453
3775,854
3776,497
3777,347
3778,353
3779,348
3780,353
3781,124
3782,176
3783,216
3784,69
3807,458
3808,256
3809,58
3810,40
3811,1103
3812,873
3813,715
3814,103
3815,2734
3816,174
3817,1330
3818,709
3819,747
3820,753
3821,1486
3822,861
3823,508
3824,939
3825,102
3826,418
3827,140
3828,73
3829,282
3830,226
3831,185
3832,485
3833,610
3834,261
3835,662
3836,281
3837,1020
3838,150
3839,632
3840,166
3841,515
3842,443
3843,465
3844,327
3845,435
3846,184
3847,337
3848,732
3849,249
3850,264
3851,603
3852,136
3853,111
3854,424
3855,1655
3856,3599
3857,808
3858,240
3859,1229
3860,1343
3861,1787
3862,937
3863,2212
3864,3512
3865,1100
3866,572
3867,2898
3868,799
3869,271
3870,348
3871,957
3872,245
3873,35
3874,112
3875,184
3876,34
3877,46
3878,258
3879,475
3880,136
3881,109
3882,47
3883,167
3884,45
3885,188
3886,355
3887,46
3888,337
3889,670
3890,13
3891,101
3892,109
3893,183
3894,178
3895,54
3896,874
3897,2041
3898,307
3899,2684
3900,463
3901,512
3902,1348
3903,733
3904,627
3905,718
3906,956
3907,2878
3908,1677
3909,1059
3910,358
3911,865
3912,405
3913,222
3914,330
3915,665
3916,0
3917,768
3918,1376
3919,1733
3920,460
3921,2724
3922,284
3923,1470
3924,618
3925,2828
3926,760
3927,1444
3928,795
3929,2714
3930,3007
3931,2563
3932,1233
3933,539
3934,787
3935,297
3936,2062
3937,1599
3938,351
3939,32
3940,773
3941,87
3942,6
3943,363
3944,52
3945,217
3946,94
3947,323
3948,22
3949,417
3950,30
3951,457
3952,678
3953,384
3954,448
3955,397
3956,83
3957,261
3958,677
3959,247
3960,69
3961,57
3962,160
3963,133
3964,159
3965,639
3966,329
3967,280
3968,238
3969,680
3970,225
3971,1504
3972,221
3973,156
3974,189
3975,800
3976,61
3977,440
3978,104
3979,0
3980,0
3981,340
3982,62
3983,5952
3984,294
3985,163
3986,635
3987,801
3988,675
3989,598
3990,494
3991,946
3992,423
3993,1221
3994,535
3995,245
3996,1950
3997,610
3998,491
3999,728
4000,244
4001,57
4002,128
4003,396
4004,5
4005,83
4006,149
4007,59
4008,73
4009,427
4010,126
4011,137
4012,32
4013,550
4014,167
4015,538
4016,99
4017,87
4018,157
4019,351
4020,170
4021,393
4022,118
4023,95
4024,151
4025,188
4026,106
4027,219
4028,320
4029,183
4030,517
4031,369
4032,197
4033,363
4034,236
4035,3598
4036,481
4037,576
4038,137
4039,358
4040,400
4041,1051
4042,482
4043,244
4044,286
4045,752
4046,113
4047,322
4048,294
4049,505
4050,325
4051,371
4052,288
4053,616
4054,837
4055,1193
4056,573
4057,12190
4058,1248
4059,2619
4060,693
4061,1602
4062,1519
4063,2428
4064,1064
4065,676
4066,1638
4067,2075
4068,335
4069,568
4070,826
4071,177
4072,304
4073,220
4074,381
4075,521
4076,156
4077,442
4078,185
4079,1720
4080,139
4081,531
4082,77
4083,378
4084,329
4085,399
4086,263
4087,376
4088,165
4089,499
4090,123
4091,248
4092,332
4093,242
4094,87
4095,196
4096,152
4097,324
4098,160
4099,587
4100,273
4101,5470
4102,890
4103,1394
4104,254
4105,683
4106,585
4107,1430
4108,614
4109,649
4110,1064
4111,710
4112,230
4113,393
4114,247
4115,272
4116,4486
4117,971
4118,456
4119,1939
4120,1651
4121,4898
4122,2515
4123,2416
4124,3764
4125,3782
4126,717
4127,6759
4128,6118
4129,1407
4130,1504
4131,1571
4132,630
4133,922
4134,285
4135,3665
4136,891
4137,246
4138,605
4139,747
4140,184
4141,1424
4142,1469
4143,2977
4144,1014
4145,6603
4146,999
4147,2389
4148,890
4149,3157
4150,3613
4151,1964
4152,1549
4153,1649
4154,451
4155,270
4156,461
4157,701
4158,134
4159,1778
4160,339
4161,137
4162,1504
4163,517
4164,334
4165,1354
4166,609
4167,1762
4168,286
4169,1403
4170,297
4171,507
4172,1069
4173,1110
4174,464
4175,287
4176,313
4177,547
4178,294
4179,410
4180,160
4181,889
4182,65
4183,100
4184,80
4185,0
4186,381
4187,488
4188,115
4189,740
4190,105
4191,1830
4192,239
4193,183
4194,647
4195,833
4196,532
4197,22
4198,297
4199,71
4200,350
4201,116
4202,85
4203,1881
4204,480
4205,462
4206,550
4207,1693
4208,1154
4209,1703
4210,527
4211,2294
4212,922
4213,2976
4214,1037
4215,621
4216,1723
4217,3072
4218,1984
4219,2304
4220,746
4221,346
4222,630
4223,457
4224,222
4225,2771
4226,666
4227,354
4228,418
4229,811
4230,3110
4231,4221
4232,1284
4233,2641
4234,1329
4235,5346
4236,4559
4237,3073
4238,5665
4239,3591
4240,2533
4241,1591
4242,2288
4243,305
4244,558
4245,1062
4246,237
4247,258
4248,240
4249,218
4250,692
4251,2961
4252,1560
4253,3030
4254,4679
4255,3147
4256,1978
4257,2365
4258,1871
4259,1709
4260,4957
4261,6434
4262,1121
4263,2210
4264,1551
4265,436
4266,370
4267,4613
4268,86
4269,34
4270,966
4271,546
4272,3
4273,572
4274,1788
4275,2636
4276,1392
4277,3052
4278,377
4279,1145
4280,950
4281,2349
4282,1404
4283,476
4284,918
4285,655
4286,533
4287,351
4288,1641
4289,315
4290,1040
4291,221
4292,869
4293,914
4294,168
4295,2854
4296,2429
4297,3426
4298,1712
4299,1021
4300,664
4301,2966
4302,951
4303,2223
4304,4227
4305,2755
4306,1631
4307,1205
4308,558
4309,314
4310,297
4311,1837
4312,984
4313,487
4314,2275
4315,2221
4316,589
4317,3184
4318,718
4319,6490
4320,2209
4321,6299
4322,611
4323,4393
4324,2441
4325,3015
4326,7338
4327,4136
4328,1310
4329,3674
4330,1007
4331,1757
4332,1398
4333,1509
4334,1253
4335,479
4336,424
4337,630
4338,864
4339,943
4340,622
4341,1636
4342,801
4343,418
4344,200
4345,2117
4346,348
4347,1786
4348,1237
4349,969
4350,343
4351,477
4352,239
4353,158
4354,383
4355,561
4356,244
4357,290
4358,1113
4359,1011
4360,248
4361,2439
4362,503
4363,4477
4364,2277
4365,3654
4366,602
4367,932
4368,340
4369,4211
4370,2910
4371,1364
4372,787
4373,1566
4374,754
4375,2052
4376,836
4377,2006
4378,1783
4379,5824
4380,2748
4381,1349
4382,870
4383,2518
4384,4432
4385,5341
4386,2503
4387,1755
4388,1225
4389,7336
4390,3043
4391,7091
4392,9647
4393,3944
4394,2711
4395,3986
4396,1857
4397,893
4398,2314
4399,2446
4400,388
4401,392
4402,871
4403,1485
4404,166
4405,2558
4406,2003
4407,5747
4408,4458
4409,1503
4410,0
4411,1819
4412,16
4413,10153
4414,4940
4415,1626
4416,494
4417,229
4418,557
4419,1803
4420,261
4421,787
4422,1005
4423,385
4424,505
4425,584
4426,1321
4427,1514
4428,644
4429,2181
4430,522
4431,1451
4432,445
4433,1476
4434,135
4435,1906
4436,2058
4437,710
4438,793
4439,1544
4440,866
4441,1032
4442,436
4443,687
4444,804
4445,167
4446,292
4447,0
4448,52
4449,328
4450,130
4451,346
4452,0
4453,531
4454,169
4455,706
4456,347
4457,389
4458,267
4459,379
4460,238
4461,250
4462,49
4463,192
4464,137
4465,64
4466,0
4467,466
4468,1308
4469,997
4470,695
4471,3981
4472,2376
4473,4055
4474,886
4475,2492
4476,131
4477,4287
4478,1328
4479,4545
4480,5615
4481,3633
4482,1460
4483,1538
4484,360
4485,1166
4486,556
4487,1517
4488,1088
4489,945
4490,404
4491,365
4492,716
4493,521
4494,892
4495,2144
4496,315
4497,1149
4498,331
4499,1748
4500,473
4501,1107
4502,1857
4503,2418
4504,521
4505,635
4506,443
4507,388
4508,103
4509,404
4510,286
4511,56
4512,206
4513,72
4514,0
4515,177
4516,738
4517,553
4518,504
4519,79
4520,80
4521,154
4522,89
4523,876
4524,666
4525,143
4526,228
4527,181
4528,20
4529,270
4530,124
4531,180
4532,94
4533,673
4534,119
4535,181
4536,550
4537,557
4538,386
4539,710
4540,136
4541,1123
4542,200
4543,1240
4544,249
4545,245
4546,304
4547,1202
4548,316
4549,262
4550,425
4551,258
4552,239
4553,133
4554,185
4555,397
4556,117
4557,129
4558,333
4559,524
4560,274
4561,303
4562,99
4563,1065
4564,94
4565,769
4566,178
4567,225
4568,277
4569,827
4570,274
4571,258
4572,330
4573,135
4574,126
4575,141
4576,67
4577,555
4578,233
4579,136
4580,714
4581,313
4582,234
4583,619
4584,153
4585,1023
4586,196
4587,1073
4588,166
4589,272
4590,284
4591,1018
4592,379
4593,286
4594,291
4595,307
4596,223
4597,220
4598,34
4599,130
4600,47
4601,26
4602,344
4603,190
4604,197
4605,463
4606,2
4607,192
4608,0
4609,600
4610,34
4611,144
4612,91
4613,474
4614,95
4615,27
4616,48
4617,83
4618,11
4619,63
4620,11
4621,666
4622,106
4623,0
4624,533
4625,449
4626,304
4627,269
4628,66
4629,466
4630,378
4631,2463
4632,577
4633,345
4634,657
4635,1634
4636,344
4637,712
4638,41
4639,274
4640,115
4641,181
4642,116
4643,555
4644,201
4645,79
4646,297
4647,246
4648,164
4649,273
4650,136
4651,618
4652,130
4653,1519
4654,171
4655,392
4656,438
4657,1751
4658,313
4659,395
4660,139
4661,79
4662,101
4663,147
4664,150
4665,504
4666,235
4667,211
4668,687
4669,384
4670,336
4671,513
4672,89
4673,1624
4674,223
4675,1292
4676,190
4677,540
4678,364
4679,1297
4680,289
4681,379
4682,296
4683,397
4684,126
4685,333
4686,118
4687,624
4688,218
4689,59
4690,553
4691,636
4692,402
4693,265
4694,80
4695,1327
4696,192
4697,1113
4698,128
4699,352
4700,382
4701,2257
4702,305
4703,285
4704,316
4705,274
4706,270
4707,195
4708,73
4709,290
4710,892
4711,236
4712,211
4713,1026
4714,1787
4715,4434
4716,258
4717,4728
4718,2060
4719,1611
4720,1101
4721,1761
4722,5930
4723,410
4724,367
4725,1992
4726,797
4727,958
4728,102
4729,1022
4730,759
4731,1875
4732,396
4733,706
4734,63
4735,1487
4736,847
4737,3658
4738,153
4739,340
4740,171
4741,2461
4742,777
4743,1396
4744,974
4745,407
4746,268
4747,0
4748,174
4749,164
4750,156
4751,911
4752,130
4753,1758
4754,169
4755,52
4756,155
4757,246
4758,50
4759,265
4760,0
4761,362
4762,66
4763,598
4764,60
4765,490
4766,553
4767,491
4768,135
4769,113
4770,39
4771,5
4772,374
4773,94
4774,28
4775,264
4776,134
4777,42
4778,451
4779,279
4780,182
4781,868
4782,251
4783,4485
4784,365
4785,1016
4786,632
4787,535
4788,308
4789,583
4790,642
4791,483
4792,752
4793,204
4794,567
4795,281
4796,0
4797,226
4798,453
4799,483
4800,937
4801,867
4802,298
4803,808
4804,607
4805,2194
4806,184
4807,703
4808,193
4809,1213
4810,1137
4811,848
4812,1335
4813,814
4814,467
4815,936
4816,202
4817,540
4818,524
4819,175
4820,479
4821,130
4822,177
4823,364
4824,533
4825,350
4826,161
4827,1647
4828,0
4829,353
4830,1424
4831,599
4832,1669
4833,503
4834,153
4835,917
4836,107
4837,131
4838,205
4839,112
4840,335
4841,1235
4842,306
4843,74
4844,139
4845,670
4846,1150
4847,5038
4848,898
4849,13900
4850,3586
4851,4811
4852,2049
4853,5369
4854,3854
4855,2104
4856,2724
4857,3271
4858,802
4859,1514
4860,399
4861,286
4862,1898
4863,368
4864,0
4865,448
4866,538
4867,539
4868,390
4869,1482
4870,622
4871,3488
4872,148
4873,1074
4874,562
4875,1742
4876,1888
4877,2300
4878,1374
4879,804
4880,768
4881,1376
4882,199
4883,413
4884,698
4885,135
4886,215
4887,321
4888,306
4889,365
4890,500
4891,701
4892,312
4893,2452
4894,298
4895,1010
4896,319
4897,622
4898,731
4899,734
4900,770
4901,316
4902,416
4903,470
4904,165
4905,262
4906,169
4907,248
4908,1
4909,45
4910,226
4911,52
4912,127
4913,342
4914,87
4915,815
4916,20
4917,253
4918,5
4919,226
4920,296
4921,588
4922,50
4923,17
4924,55
4925,121
4926,32
4927,28
4928,68
4929,132
4930,439
4931,148
4932,145
4933,526
4934,237
4935,1282
4936,253
4937,3378
4938,356
4939,950
4940,466
4941,734
4942,499
4943,460
4944,1298
4945,620
4946,583
4947,443
4948,124
4949,120
4950,209
4951,366
4952,153
4953,142
4954,563
4955,823
4956,332
4957,1333
4958,382
4959,2835
4960,73
4961,907
4962,131
4963,1417
4964,1235
4965,1365
4966,1198
4967,1014
4968,599
4969,1285
4970,188
4971,163
4972,856
4973,249
4974,41
4975,66
4976,475
4977,150
4978,55
4979,273
4980,39
4981,173
4982,77
4983,253
4984,97
4985,127
4986,182
4987,273
4988,121
4989,96
4990,43
4991,103
4992,121
4993,204
4994,79
4995,254
4996,195
4997,83
4998,26
4999,197
5000,1426
5001,647
5002,498
5003,1154
5004,137
5005,300
5006,244
5007,578
5008,98
5009,1097
5010,713
5011,230
5012,421
5013,47
5014,23
5015,104
5016,31
5017,25
5018,52
5019,138
5020,139
5021,103
5022,147
5023,288
5024,81
5025,262
5026,111
5027,1135
5028,252
5029,3712
5030,717
5031,12775
5032,493
5033,162
5034,127
5035,101
5036,161
5037,1183
5038,23
5039,68
5040,190
5041,118
5042,382
5043,328
5044,133
5045,1031
5046,113
5047,2226
5048,225
5049,3773
5050,278
5051,779
5052,586
5053,2358
5054,507
5055,860
5056,329
5057,337
5058,233
5059,379
5060,0
5061,0
5062,160
5063,413
5064,40
5065,4029
5066,647
5067,13537
5068,5343
5069,308
5070,138
5071,419
5072,210
5073,2598
5074,4056
5075,3774
5076,25
5077,73
5078,796
5079,4976
5080,272
5081,748
5082,282
5083,482
5084,524
5085,475
5086,75
5087,1535
5088,398
5089,1705
5090,590
5091,786
5092,463
5093,663
5094,907
5095,498
5096,1188
5097,2193
5098,1311
5099,726
5100,359
5101,408
5102,100
5103,427
5104,104
5105,201
5106,554
5107,43
5108,143
5109,579
5110,433
5111,415
5112,48
5113,739
5114,115
5115,1290
5116,406
5117,1254
5118,621
5119,237
5120,416
5121,332
5122,381
5123,138
5124,236
5125,242
5126,53
5149,419
5150,195
5151,13
5152,138
5153,1075
5154,1033
5155,864
5156,47
5157,3059
5158,246
5159,2501
5160,456
5161,422
5162,588
5163,1729
5164,1012
5165,493
5166,607
5167,87
5168,316
5169,114
5170,109
5171,267
5172,270
5173,209
5174,431
5175,625
5176,303
5177,727
5178,272
5179,1242
5180,154
5181,648
5182,172
5183,551
5184,447
5185,287
5186,333
5187,400
5188,214
5189,190
5190,682
5191,257
5192,245
5193,779
5194,176
5195,238
5196,148
5197,2288
5198,4651
5199,553
5200,184
5201,1153
5202,1536
5203,1682
5204,1196
5205,875
5206,4461
5207,1056
5208,217
5209,4045
5210,580
5211,441
5212,661
5213,1846
5214,129
5215,56
5216,94
5217,211
5218,29
5219,137
5220,375
5221,451
5222,215
5223,57
5224,64
5225,189
5226,96
5227,219
5228,415
5229,66
5230,280
5231,842
5232,21
5233,107
5234,121
5235,180
5236,80
5237,65
5238,399
5239,719
5240,182
5241,2586
5242,580
5243,588
5244,2390
5245,879
5246,0
5247,877
5248,715
5249,1312
5250,2568
5251,1463
5252,714
5253,748
5254,652
5255,203
5256,418
5257,918
5258,116
5259,156
5260,1575
5261,2041
5262,456
5263,3031
5264,350
5265,1972
5266,723
5267,3272
5268,71
5269,1444
5270,878
5271,3832
5272,3849
5273,0
5274,1415
5275,924
5276,832
5277,282
5278,2723
5279,2422
5280,232
5281,18
5282,739
5283,117
5284,0
5285,374
5286,111
5287,591
5288,98
5289,653
5290,37
5291,351
5292,26
5293,512
5294,850
5295,400
5296,379
5297,466
5298,99
5299,198
5300,280
5301,252
5302,37
5303,18
5304,189
5305,86
5306,117
5307,850
5308,397
5309,573
5310,500
5311,773
5312,326
5313,972
5314,276
5315,407
5316,160
5317,232
5318,74
5319,333
5320,143
5321,0
5322,1091
5323,222
5324,34
5325,13940
5326,393
5327,93
5328,177
5329,1236
5330,864
5331,931
5332,479
5333,1154
5334,457
5335,1444
5336,979
5337,447
5338,2231
5339,901
5340,515
5341,1020
5342,283
5343,62
5344,165
5345,423
5346,24
5347,100
5348,69
5349,86
5350,85
5351,245
5352,36
5353,166
5354,41
5355,560
5356,156
5357,368
5358,89
5359,100
5360,152
5361,313
5362,167
5363,316
5364,91
5365,93
5366,129
5367,227
5368,47
